Project,Status
shameel0784/ajexp,UnknownBuildSystem
yalsooni/Genius,UnknownBuildSystem
Bablu5kumar0prasad6/PHFI_StudyCreation,BuildFailed
1750777402/ygz,UnknownBuildSystem
getperf/getperf,UnknownBuildSystem
TomRed97/diploma,NoStarsOrWatchers
anomi1202/Excel.Parse,NoStarsOrWatchers
anveshthedude/anveshmain2,NotAccessible
marchenkoandy/javaExcel,NoStarsOrWatchers
jiangjianshi/s-index,NoStarsOrWatchers
michalvich/apache-poi-utils,NoStarsOrWatchers
Mahesh-Bhalsing/DemoGit,NoStarsOrWatchers
orkay5126/RestAPIFWEndToEnd,NoStarsOrWatchers
olgfok/create-nested-list,NoStarsOrWatchers
YangxiaolongIt/uap,NotAccessible
ajit-cs/myrepos,NoStarsOrWatchers
codetaylor/parst,NoStarsOrWatchers
kime900822/COGS-Analysis,NoStarsOrWatchers
wjp236/trunk-parent,NotAccessible
rafalmag/GroovySandBox,NoStarsOrWatchers
davidleen/HomeDecoration,NotAccessible
cooocy/logistics_k,NoStarsOrWatchers
SlavaStartsev/standards-for-komirec,NotAccessible
VincyH/port,NoStarsOrWatchers
Valentin-Golyonko/Rare-Trade-Run-ED-IJ,NoStarsOrWatchers
guoshijie/xhs_comment,NotAccessible
feiatnokia/ThinkingInJava,NoStarsOrWatchers
arkajnag/Employee-HRM-Assignment,NoStarsOrWatchers
devbreeze/java,NoStarsOrWatchers
AllenLiuGit/poi-quickstart,NoStarsOrWatchers
ketanna/Page-Object-Model-with---Selenium-Java-TestNG,NotAccessible
manushray/SampleKreditechPOMProject,NotAccessible
benczeistvan/KIR,NoStarsOrWatchers
vtphap/SeleniumInJava,NotAccessible
galleon/SparkExtract,NoStarsOrWatchers
andreikulpin/p20161104,NoStarsOrWatchers
josdem/java-workshop,NoStarsOrWatchers
JasmineQian/UI_auto,NotAccessible
zyw309039207/oatmeal,NoStarsOrWatchers
LucioBevilacqua/ReadXLS,NoStarsOrWatchers
striderarun/events-management,NoStarsOrWatchers
minziappa/spring_boot_sample,NoStarsOrWatchers
mindingmybusiness/amazonTestFramework,NoStarsOrWatchers
visallo/visallo,NotAccessible
panache-chinmay/hybridframework,NoStarsOrWatchers
pccwhk/hkmortgage,NoStarsOrWatchers
mashariqk/excel2tab,NoStarsOrWatchers
qiaoxun/learnGit,NotAccessible
mitsantosh/TestRepo,NoStarsOrWatchers
darkamenosa/print,NoStarsOrWatchers
mohammad-yazdani/chiefanalytics,NoStarsOrWatchers
Wandering/statistics,NoStarsOrWatchers
HarshithTS/HHH,NoStarsOrWatchers
EliseLodewyckx/ProjectBibliothouris,NoStarsOrWatchers
rajikos123/HybridRepo,NotAccessible
davidsusu/simple-spreadsheet-writer,NoStarsOrWatchers
darkmatterjinx/darkmatter,NotAccessible
LwNeighbor/ruoyi,NoStarsOrWatchers
jasonlee529/RoomSpider,NoStarsOrWatchers
pudovika/parser,NoStarsOrWatchers
fatalwing/utils,NoStarsOrWatchers
Joycai/FileUtil,NoStarsOrWatchers
gorigam123/selenium,NoStarsOrWatchers
AnkurBaliyan/MyProject,NoStarsOrWatchers
vuhoangjohn/demo-xlsx-to-csv,NoStarsOrWatchers
doublecancel/personal,NotAccessible
ym451808578/poi,NotAccessible
a854363956/tx-management-tool-extjs,NoStarsOrWatchers
uuilee/matcho,NoStarsOrWatchers
deepthimurikinati/gradlemain,NoStarsOrWatchers
manasay/seleniumGitHub,NoStarsOrWatchers
bdas9261/project,NoStarsOrWatchers
kowserparvez/Framework1EXMPL,NoStarsOrWatchers
KevinLiu2333/myproject,NoStarsOrWatchers
nitinarv/UniResultExcelReader,NotAccessible
MyDogisMike/BloodDonation,NoStarsOrWatchers
Aksh2/config_portal,NoStarsOrWatchers
HYisen/DocumentGenerator,NoStarsOrWatchers
marwilc/botIndexerMaven,NoStarsOrWatchers
DukeDai/pdfform,NoStarsOrWatchers
sudhabalakrishnan/Flipkart,NoStarsOrWatchers
xbase/MyProject,NotAccessible
rakeshraner/KwantaHQAutomation,NotAccessible
SaiKrishna1210/JuryManagementSystemTestCases,NoStarsOrWatchers
pengliuboy/jfinal-tpl,NoStarsOrWatchers
bogdanbilcan/HTRODealersApp,NoStarsOrWatchers
xindawang/dataImport,NoStarsOrWatchers
ARV637/shanutest,NotAccessible
Opetushallitus/java-utils,NoStarsOrWatchers
BlackCatXiaohei/personal-study,NoStarsOrWatchers
TeeMeiYit/240788_A2,NoStarsOrWatchers
RohithSingirikonda/NewtoursProject,NoStarsOrWatchers
rahulmandve/SugarCRMTest,NoStarsOrWatchers
VladzislavJum/Schedule-Spanish,NoStarsOrWatchers
chintan1904/KeyTest,NoStarsOrWatchers
Shalousun/boco-generator,NoStarsOrWatchers
tzdaniel9/PageObjectModel,NoStarsOrWatchers
KING1301/homeworkpush,NoStarsOrWatchers
ChanJLee/wx-hook,NoStarsOrWatchers
nd-team/goddess-java,BuildFailed
CIRDLES/Squid,BuildSucceeded
OpenSHA/opensha-core,BuildFailed
MIYAOW/MI,BuildSucceeded
Heo-Won-Chul/SpringBootSample,BuildSucceeded
alvinquach/quality1st-server,NoStarsOrWatchers
zhongqishang/javaSome,NotAccessible
lijingen/cglib-test,NoStarsOrWatchers
Uetty/zx_file,NotAccessible
bhavsarsunny2020/Git-Github,NotAccessible
JianyangZhang/Deep-Report,NoStarsOrWatchers
sunyiban/learngit,NoStarsOrWatchers
daton/geradmin4,NotAccessible
flyingImer/td-difficulty-estimator,NoStarsOrWatchers
lqyhmb/lqyhmb-poi,NoStarsOrWatchers
zhouwd/learn-demo,NoStarsOrWatchers
Zenadix/Cruzador,NoStarsOrWatchers
zjz0924/cqc-car,NoStarsOrWatchers
arjunmslohit/CrmRepo,NotAccessible
phuongelinco/mlmb,NoStarsOrWatchers
MrLoyal/flat-excel-mapper,NoStarsOrWatchers
Tapadyuti1991/INFO_6205_321,NoStarsOrWatchers
AnushaGovindan/automation-framework,NoStarsOrWatchers
chinniz999/WebdriverTest,NoStarsOrWatchers
SPECURE/nettest-ha,NotAccessible
LeewayMa/corsair,NoStarsOrWatchers
valentinagarag/JenkinsNopCommerce,NoStarsOrWatchers
mowlali1/automationFramework,NoStarsOrWatchers
GregRosa85/BackOfficeConnector,NotAccessible
aiyaz1/GCPgradleProject,NotAccessible
MichielDx/ReadExcels,NoStarsOrWatchers
anuautomation/testproject,NoStarsOrWatchers
suseendran93/FlipKart,NoStarsOrWatchers
gusehr/eufraten-trello-reporter,NoStarsOrWatchers
vikas-sachdeva/jsample,NoStarsOrWatchers
xiptos/nutrimeal,NoStarsOrWatchers
NDCFL/GradleTVDemo,NoStarsOrWatchers
blokwap/testspringmvc,NoStarsOrWatchers
lqingfang/su,NoStarsOrWatchers
Milkho/token-analysis,NoStarsOrWatchers
chandruksv/AAT,NoStarsOrWatchers
khaitranquang/ProjectI,NoStarsOrWatchers
machadolucas/massformat,NoStarsOrWatchers
zhiqiangx/cds,NotAccessible
taichao/base,NoStarsOrWatchers
solmix/commons,NoStarsOrWatchers
susmitharao/Selenium,NoStarsOrWatchers
xinyewdz/utils,NoStarsOrWatchers
sbruhse/FussballDeBot,NotAccessible
fzoli/AndroidTools,NoStarsOrWatchers
mvkumar548/pageobjectmodel,NotAccessible
Blak3Nick/SquadronReadinessMaven,NoStarsOrWatchers
ddwolf/example,NoStarsOrWatchers
zz871997/ProjectI,NoStarsOrWatchers
arukara/datacatalog,NotAccessible
mahee2020/UIAutomation,NoStarsOrWatchers
lzh984294471/Music,NotAccessible
paynemiller92/SSRS_RDL_2_Excel,NoStarsOrWatchers
navyaravella/Framework,NotAccessible
KangKang10/TestCrawler,NoStarsOrWatchers
lijinzhou2017/blog-dubbo,NoStarsOrWatchers
PavelVlasenko/pptx,NoStarsOrWatchers
cutekiller123/Repo_Name,NoStarsOrWatchers
mackevicius1988/Amazon,NoStarsOrWatchers
JimSpriggs/quince-jelly,NoStarsOrWatchers
Mrjoulin/glass-goggles,NotAccessible
nelsonnick/getInfo,NoStarsOrWatchers
lingminjun/utils,NoStarsOrWatchers
cposada23/sofka-selenium-web-driver,NoStarsOrWatchers
bwolf/timesheet,NoStarsOrWatchers
jason1761/ctwork,NotAccessible
anushayerra/GSP,NoStarsOrWatchers
siddharth2848/SampleGradle,NoStarsOrWatchers
an--/base,NoStarsOrWatchers
vikrantchopra/esapp,NoStarsOrWatchers
cva225/Frameworks123,NoStarsOrWatchers
gumuming/excel-file-online,NoStarsOrWatchers
dhruvr/CustomPOIAnnotations,NoStarsOrWatchers
kranjeet/TestProject,NoStarsOrWatchers
vdevireddy2/java,NoStarsOrWatchers
kelvinmbwilo/test-ghsc,NoStarsOrWatchers
sudhirzpatil/SeleniumProject,NoStarsOrWatchers
FabianMartin1988/EVA_SS18,NoStarsOrWatchers
WestbrookWang/ViewOffice,NoStarsOrWatchers
noelsison2/ApachePOI-Gradle,NoStarsOrWatchers
letusfly85/erd-release-controller,NoStarsOrWatchers
danilkuznetsov/export-google-spreadsheets-commnets,NoStarsOrWatchers
Dukes-Madlabs/Madlabs-Garage,NoStarsOrWatchers
Monkey-D-Jie/MySpringMultiDataSourceDemo,NoStarsOrWatchers
rfezz/autochess,NoStarsOrWatchers
leandrocgsi/poi-playground,NoStarsOrWatchers
zhitaoshi/spring-framework-boot,NotAccessible
palmsnipe/mobilemeans-otzshoes-excel,NoStarsOrWatchers
DarkKnightPaul/TempProject,NoStarsOrWatchers
Char-CN/data-service-util,NoStarsOrWatchers
thilina27/pptgen,NoStarsOrWatchers
kiwilew/covito-kit,BuildFailed
ai-coders/tcom-poi,UnknownBuildSystem
evandor/skysail-bundled-libraries,BuildFailed
urssamthota/peppermill,UnknownBuildSystem
ivan-pronin/downwork,UnknownBuildSystem
grassrootza/grassroot-platform,BuildSucceeded
uvalib/modern-library-bibliography-tools,NoStarsOrWatchers
codegagan/Experiments,NoStarsOrWatchers
Navakanthtunga/Sample-Frame-Work,NoStarsOrWatchers
harryhsu234/mvn_java_export,NoStarsOrWatchers
amrfaissal/Frango,NoStarsOrWatchers
chandrakumar1988/CreateGitHub,NoStarsOrWatchers
alexbogovich/af,NoStarsOrWatchers
Fniy/xls,NoStarsOrWatchers
IrvingZhao/Platform,NoStarsOrWatchers
vikrantthorat/Seleniumjavafirstproject,NoStarsOrWatchers
mcseagate/Hiclass,NoStarsOrWatchers
rocky-chen/ims-sun-e-statement,NotAccessible
KarthikNageswaran/testingApps,NoStarsOrWatchers
hy9902/fasion,NoStarsOrWatchers
csciakshay/HMS-Server,NotAccessible
kanayikkaran/Trading,NoStarsOrWatchers
sidd7433/ExcelComparator,NoStarsOrWatchers
0305zhanna/Nir,NoStarsOrWatchers
kettas/kettas-tool,NoStarsOrWatchers
dzhu1/SpringWebTest,NoStarsOrWatchers
nijiajndx/genModule,NoStarsOrWatchers
bhavesh1780/ExcelData,NoStarsOrWatchers
mira2k7/ERTestAutomation,NoStarsOrWatchers
MaximusFk/contract_analizer,NoStarsOrWatchers
manishec047/From-system,NoStarsOrWatchers
kumareshGitHub/AutomationDB,NotAccessible
akoyro/furman.financial,NoStarsOrWatchers
prachiutkhede/Selenium,NoStarsOrWatchers
LyDjons/DispetcherKamaz,NoStarsOrWatchers
zsq1991/jianqiao-parent,NoStarsOrWatchers
microvibe/microvibe,NoStarsOrWatchers
Gsridharsri/DDDTest,NoStarsOrWatchers
MarsMuse/report,NoStarsOrWatchers
Satwik009/EMA,NotAccessible
FRCTeam871/AttendanceManager,NoStarsOrWatchers
jquedena/fatca-parent,NoStarsOrWatchers
mashek347/FullProject,NoStarsOrWatchers
wangzhangmao/oppoCustomer,NotAccessible
Dellikumar/FreeCRM_Maven_TotalRepo,NoStarsOrWatchers
kazurayam/excel-wordpress-etl,NotAccessible
garyfoxes/Java_Mock_Exams,NoStarsOrWatchers
klamo/newPoiDemo,NoStarsOrWatchers
samlevijnr/GithubJenkinsIntegration,NoStarsOrWatchers
Lutreer/25xiaoqu,NoStarsOrWatchers
chengtao1381/my-system,NoStarsOrWatchers
sun-xu/LightExam,NoStarsOrWatchers
surya246/ExcelSheet,NoStarsOrWatchers
pritam333/CRMTest,NotAccessible
SqaSxd/classes-project,NoStarsOrWatchers
vdiggavi27/Frameworkrepo,NotAccessible
mmishra11/VW_CRM,NoStarsOrWatchers
tomggg1986/xlnx,NoStarsOrWatchers
dmrhimali/power-point,NoStarsOrWatchers
vrajxavient/hello-world,NotAccessible
intalok/test1,NotAccessible
lakshmichaitanya/ExcelSheetReading,NoStarsOrWatchers
mani-nandipaati/test01,NoStarsOrWatchers
saravanan01/donation-receipt,NoStarsOrWatchers
aggarwalneha/ParkmobileAutomation,NoStarsOrWatchers
yangkejun/VNC_V1.1,NotAccessible
priyatalkad/DemoRepo,NoStarsOrWatchers
psoodan/GitHub,NoStarsOrWatchers
karthickmasan/SeleniumSuite,NoStarsOrWatchers
DmitryDudin/JavaLibraries,NoStarsOrWatchers
mehzintech/DemoRepo,NoStarsOrWatchers
axzsd/simple-office,NotAccessible
shah-jalal/PageObjectModel,NoStarsOrWatchers
xiejiashun/SpringBoot,NoStarsOrWatchers
objectos/xls,NotAccessible
wuweichu/zoro,NotAccessible
recklessMo/backend,NoStarsOrWatchers
sujeetbcet/Android_SurveyPortal,NoStarsOrWatchers
yangkejun/VNC_InterFaceTest,NotAccessible
SichaUA/powerlifting,NoStarsOrWatchers
techt0nix/packing,NoStarsOrWatchers
GSP-TEAM/vol,NoStarsOrWatchers
marvin263/letscode,NoStarsOrWatchers
ctorresAndreani/Pasantias2017,NoStarsOrWatchers
xiaoout/echelon-data-db,NoStarsOrWatchers
shandanflora/SLIM2_IOS,NoStarsOrWatchers
guyil/auvonAdsHelper,NotAccessible
VasylTretiakov/internal-contact-list-updater,NoStarsOrWatchers
vijaygk2016/FreeCrmPOMframework,NoStarsOrWatchers
ycit/solution,NoStarsOrWatchers
sowjanya26/HybridFrameWork,NoStarsOrWatchers
vgomez1/SC-Store---automation-framework,NoStarsOrWatchers
DaiDongyang/WebJavaTest,NoStarsOrWatchers
pkerichang/QExcel,NoStarsOrWatchers
shama-maganur122791/GitSelenium,NoStarsOrWatchers
SheikhAkthar/JavaProject,BuildFailed
apache/nifi,BuildFailed
dcallif/ExcelReader,BuildSucceeded
tutrunghieu/nebula-mzclaire-repo-jun27,UnknownBuildSystem
thsghwls/usepoi,BuildSucceeded
xiaoyu19950911/xymh,BuildFailed
eiasy/DouPo,UnknownBuildSystem
gitHaohao/develop,UnknownBuildSystem
LotfiAli/Excel-And-Text-File-Parsing-with-annotation-Java,BuildFailed
javagalbhanu/Automation,NoStarsOrWatchers
kingwang09/meslap,NoStarsOrWatchers
muthu1809/RB,NoStarsOrWatchers
praveenraj123/Amazon_eCommerce-Automation-project-,NoStarsOrWatchers
dmhn/FreeCRMTest,NotAccessible
zhaozixing/office,NotAccessible
ZTestAutomate/OLA,NotAccessible
ztbsuper/lou-sister-api,NoStarsOrWatchers
ContinXiao/poi_test,NoStarsOrWatchers
aijingsun6/java,NoStarsOrWatchers
KasunWicky/demoTestframework,NoStarsOrWatchers
tuti133/boitoanweb,NoStarsOrWatchers
sheebans/dap-jobs,NoStarsOrWatchers
pastman/feetmeasure,NoStarsOrWatchers
rkeshmir/serviceProjectOneServer,NotAccessible
confluxtoo/BankReconciliationTool,NoStarsOrWatchers
SerTiko/netcracerLab1,NoStarsOrWatchers
maestrovsmaster/BarcodeClient31,NoStarsOrWatchers
sioisan/execlReader,NoStarsOrWatchers
seesawin/poi-demo,NoStarsOrWatchers
lsieun/learn-open_source,NoStarsOrWatchers
langyuziyou/admin,NoStarsOrWatchers
OpenCHS/openchs-server,NoStarsOrWatchers
superkoh/jgyuer.web.framework,NoStarsOrWatchers
PratyushKPanda/RestAssured,NoStarsOrWatchers
ChetanBendre/UbiOmni,NoStarsOrWatchers
dabbarak/Snap-It,NoStarsOrWatchers
denniskkkk/tlogrpt,NoStarsOrWatchers
projcloud9/PoliceDBVehImg,NoStarsOrWatchers
orkay5126/RestAPIHttpClientFW,NoStarsOrWatchers
pritam333/my_workspace,NotAccessible
Kortikere/Page-Object-Model-Framework,NoStarsOrWatchers
180254/HelloReview,NoStarsOrWatchers
viskal/JavaUtils,NoStarsOrWatchers
khalilahfahmi/238256_A2,NoStarsOrWatchers
koarabila/meck-moroni,NotAccessible
netto89/IntegratedModularArchiteture,NotAccessible
bpanda130/KeysToJavaSeleniumFramework,NoStarsOrWatchers
ak243871/GsescanNer,NotAccessible
TestLeafPages/SelOctWD,NoStarsOrWatchers
cchen140/RTS-Schedule-Simulator,NoStarsOrWatchers
amitdogra85/automation,NoStarsOrWatchers
around7days/SeleniumGen,NoStarsOrWatchers
zifayin/rg-parent,NoStarsOrWatchers
kivatek/mpjackson,NoStarsOrWatchers
SeleTrail/Rise_DDF,NoStarsOrWatchers
HammondRDD/office-tools,NoStarsOrWatchers
ervandanajain/demorepo,NoStarsOrWatchers
xuchang86/cap-other,NotAccessible
shilpigangwar/UIAutomationPOM,NoStarsOrWatchers
Nilera/MultiSourceDataProfiling,NotAccessible
shenjunjun1121/syhdoctor_server,NoStarsOrWatchers
vishalw28/OB10,NoStarsOrWatchers
yifanwu8/examples,NoStarsOrWatchers
AngelesBroullon/AnaklusmosGD-Java,NotAccessible
verajulio823/repositoryInstitutional,NoStarsOrWatchers
dhirenrouterabbit/Optaplanner-VRTW,NoStarsOrWatchers
abhijain2618/selenium-framework,NoStarsOrWatchers
afhfjh/centralrepository,NoStarsOrWatchers
gcalleja/supplyMgr,NoStarsOrWatchers
vishwanath-gowda/ExcelManipulator,NoStarsOrWatchers
kotakitnistzzz/UnitPortal,NoStarsOrWatchers
ShakawatHossain/samsung,NoStarsOrWatchers
oehm-smith/gradleMultiprojectProvided,NoStarsOrWatchers
Junshaikh/Talabat_Website,NotAccessible
ChoviWu/dubbo_spring,NoStarsOrWatchers
aravindkumarguggilla5813/seleniumgiteclipse,NoStarsOrWatchers
sharat1000/Framework,NoStarsOrWatchers
laolang81/food,NoStarsOrWatchers
outshine/platform,NoStarsOrWatchers
kongss/note,NotAccessible
geobead/FreeCRMTest,NoStarsOrWatchers
ropert911/demo05-springbatch,NotAccessible
danielpop/scientometry-ic,NoStarsOrWatchers
OlegKuzovkov/atfcore_java,NoStarsOrWatchers
luq-0/Upis15Crawler,NoStarsOrWatchers
xiaguangyang/zeus,NoStarsOrWatchers
muhittingokmen/StudentPerformanceAnalysis-Skeleton,NoStarsOrWatchers
jairomfj/RepositorioDeAtividades,NoStarsOrWatchers
oleksinski/excel-prices-extractor,NoStarsOrWatchers
AjitGE/india_gov_in,NoStarsOrWatchers
AEGONTH/admsImex,NoStarsOrWatchers
ywk253100/poi,NoStarsOrWatchers
Junf-Huang/OfficeManipulation,NoStarsOrWatchers
AndyJennifer/SimpleCheckOn,NoStarsOrWatchers
Vikas0709/Selenium_Framework,NoStarsOrWatchers
TestLeafPages/SelJan,BuildFailed
AC-MicroServiceClub/FrameworkParentBackend,BuildFailed
hasitha3rd/spring-rest-security,BuildSucceeded
decadenceqi/commons-utils,BuildSucceeded
szelcorg/antstock,UnknownBuildSystem
cwtuan/locale-generator,BuildSucceeded
AbhayKotwal/KerbAutomation,NoStarsOrWatchers
ravikiran1703/LDM,NoStarsOrWatchers
edwin-chu/abstract-project,NoStarsOrWatchers
RaghuasAJ/TKMAXX,NoStarsOrWatchers
kunalherkal/paperwork,NoStarsOrWatchers
NiteshNagar/BarCode_HtmlUnitDriver_PhantomJS,NoStarsOrWatchers
sachinjosephroy/Gucci,NoStarsOrWatchers
NikotiNko/ssau,NoStarsOrWatchers
mattcho/k-insight,NoStarsOrWatchers
emanonk/rota,NoStarsOrWatchers
aulang/javautils,NoStarsOrWatchers
semenych27/DataDrivenFramework_2,NoStarsOrWatchers
sagarkhachane/BasicGitpractice,NoStarsOrWatchers
ShaDV/ExcelParser,NotAccessible
binlei/report_center,NoStarsOrWatchers
haojunjun/framework,NoStarsOrWatchers
satyendrait3089/Project_Newzeland,NoStarsOrWatchers
chathurabr/CIBC_USER,NotAccessible
wangshuran/Service,NoStarsOrWatchers
inavin110/CSCI345,NoStarsOrWatchers
tiancaijunrui/com.zcj.kotlin.ddu,NoStarsOrWatchers
Anushyak/sonama,NoStarsOrWatchers
valedelobo/testlink2hiptest,NotAccessible
Eason-liu1106/spring-boot-parent,NoStarsOrWatchers
zhangzhen108/fuyang_lipengjun-platform-master,NoStarsOrWatchers
labs-x/prax-test,NotAccessible
tusharkantabehera/HybridFrameworkWithPageObjectModel,NoStarsOrWatchers
lucaconte/acquabooks,NoStarsOrWatchers
ebonny/g-biz,NoStarsOrWatchers
longzixinyu/-11,NoStarsOrWatchers
awahab03/SeleniumPOM,NoStarsOrWatchers
zuodimiaoyun/grab-data-from-excel,NoStarsOrWatchers
DeepakYadavVN/NewRepo,NoStarsOrWatchers
wscrlhs/codehub,NoStarsOrWatchers
JeffBorges/Sps4j,NotAccessible
ChronoAnomaly/excel_samples,NoStarsOrWatchers
dmorozzov/TestChecker,NoStarsOrWatchers
garrit-schroeder/fetch-google-calendar,NoStarsOrWatchers
SumedhaSatyanarayana/MyFirstGitRepo,NoStarsOrWatchers
cskjha/pvs,NoStarsOrWatchers
AugustFire/webtest,NoStarsOrWatchers
goelShivi/a,NoStarsOrWatchers
Binigithub/Cucumber,NoStarsOrWatchers
abeneto/OdontoFact,NoStarsOrWatchers
prashantjain110/excel,NoStarsOrWatchers
ksharmi223/FCRMProject,NoStarsOrWatchers
hualongdata/spring-starter,NotAccessible
aruis/conglin,NoStarsOrWatchers
LloydWalton/FirstGit,NotAccessible
pkamleshkr/ExcelMadeEasy,NotAccessible
bigmeco/ExcelVK,NoStarsOrWatchers
iamkunal-automation/HybridFramework,NoStarsOrWatchers
zhaolei828/timu-tool,NoStarsOrWatchers
walterjwhite/dependencies,NoStarsOrWatchers
PriyaRamkumar/BBC,NoStarsOrWatchers
tcf245/Json2Excel,NoStarsOrWatchers
wcvolcano/common,NoStarsOrWatchers
jiq408694711/spring-dev-starter,NotAccessible
unionoffice/contabilidade,NoStarsOrWatchers
2738671/fhbootam6,NotAccessible
vjaindmi/SPARK,NoStarsOrWatchers
liman657/littleDemo,NoStarsOrWatchers
ddtTeam/ddt,NoStarsOrWatchers
xiezonghua/huayu,NoStarsOrWatchers
chander01/Big-Basket,NoStarsOrWatchers
tronix99/DigitalAttendance,NotAccessible
YamStranger/unique-identification-numbers,NoStarsOrWatchers
yangfei2018/qiquan,NoStarsOrWatchers
chandruks83/DataDrivenApproach,NoStarsOrWatchers
okisad/file_modifier,NoStarsOrWatchers
fangzongzhou/gitremovetest,NoStarsOrWatchers
shriniwasalle/PuneTimeTracking,NoStarsOrWatchers
elinaDangol/demo,NotAccessible
TestingGroup360/Gobol.in,NoStarsOrWatchers
daniel-kirrene/poi,NoStarsOrWatchers
HFCherish/learning-common,NoStarsOrWatchers
mdomasevicius/item-list,NotAccessible
Opportunity-Hack-2016-AZ/Team12,NoStarsOrWatchers
gilbertz/autolab,NoStarsOrWatchers
TestLeafPages/SelMarWeekDay2017,NotAccessible
salazart/TrafficDrover,NoStarsOrWatchers
Aiybe/PDFData,BuildSucceeded
aideepmind/dataAnalyis,BuildFailed
luoguofu/ccbimpoi,BuildFailed
Sindusk/servertweaks,BuildSucceeded
zerg000000/gshit,BuildFailed
imixs/imixs-adapters,BuildFailed
fuhoujun/e,BuildSucceeded
yilihjy/SaveSinaStockData,BuildFailed
ourdixin/dixin,BuildFailed
tragent/lte,BuildSucceeded
KarlNosworthy/poijoi,BuildSucceeded
StevenJack1/dormitory,BuildFailed
troisio/jivecakeapi,BuildFailed
cleverdb/JxlsDemo,UnknownBuildSystem
dbarra/xdocreport,BuildFailed
programTang/meta,BuildFailed
blezek/Notion,BuildSucceeded
qiango/syh_project,BuildSucceeded
zhangbiy/exportExcel,BuildFailed
sunbaolong/study,NoStarsOrWatchers
ankurQAE/letzNavTest1,NoStarsOrWatchers
hedgehog-zowie/NMS,NoStarsOrWatchers
Suvneet/restAPI,NoStarsOrWatchers
Gammoudi/LineChart,NoStarsOrWatchers
510529571/1_workspace,NoStarsOrWatchers
yangcaoling/solarErp,NotAccessible
ivshapovalov/whereisyourtimedude,NoStarsOrWatchers
shaunqing/network,NoStarsOrWatchers
yujidong/XJTLULibContractMaint,NoStarsOrWatchers
sumithlambu/Spark_1.5,NotAccessible
xuanmm/zorm,NotAccessible
glebka777/ScheduleProject,NotAccessible
lvq410/LVT4J,NoStarsOrWatchers
mickey-java/excel-upload,NoStarsOrWatchers
bennyGG/autoPOI,NoStarsOrWatchers
HJOW/HugeTable,NoStarsOrWatchers
liuninglin/WTRS,NoStarsOrWatchers
tomggg1986/tests,NoStarsOrWatchers
CloudTestingTeam/XYZPrinting,NoStarsOrWatchers
Eunovo/AutomaticTextHighlighter,NoStarsOrWatchers
automationsortie/PageObjectModel,NotAccessible
labkey-martyp/svn2git_test,NotAccessible
androsovgr/document-reporter,NoStarsOrWatchers
Bablichib/SeleniumJan2018,NoStarsOrWatchers
peadargrant/marksheet,NoStarsOrWatchers
haogod/douban_spider,NoStarsOrWatchers
sourishdutta12/gage-provisioning-tool,NoStarsOrWatchers
rainlf/Excel2Json,NotAccessible
irinusssa/hr-emp,NoStarsOrWatchers
AswinBahulayan/KissFlowBDD,NoStarsOrWatchers
anandacharya/Amazon_Automation,NoStarsOrWatchers
dengren123456/myGit,NoStarsOrWatchers
kcson/thx.efss,NoStarsOrWatchers
Shaoziyi/test1,NoStarsOrWatchers
Max-Hu/hapmapDNA,NoStarsOrWatchers
yangkejun/NPR,NotAccessible
chaospand/chaos,NoStarsOrWatchers
TestingGroup360/ImportGuru99,NoStarsOrWatchers
woodylic/oxlrm,NoStarsOrWatchers
sormgabriel/veggie-word,NoStarsOrWatchers
jmagdeska/smarthome-databasecsv,NoStarsOrWatchers
vteraz/testlink2hiptest,NotAccessible
rithsri/Automation-HPPD,NoStarsOrWatchers
sykmile/panda,NotAccessible
judemelkias/POM,NoStarsOrWatchers
bobbbaich/nclabs,NotAccessible
pintoopaswan/worksheetoperations,NoStarsOrWatchers
QuadFlask/fleamarket,NoStarsOrWatchers
carlarbb/JavaDevBootcampFinalCarla,NoStarsOrWatchers
LuckyDucky2018/FreeCRMTest,NoStarsOrWatchers
cloud13th/data_manager,NoStarsOrWatchers
lansetiankong999/autoReport,NoStarsOrWatchers
rahulfida4/MyPedia-Cache,NoStarsOrWatchers
dimu/tech,NotAccessible
fredrikengstrom/jalbumtoword,NoStarsOrWatchers
AsifKhan1809/SelPoM,NoStarsOrWatchers
habashybdc/Donation,NoStarsOrWatchers
gaojjx/poiDemo,NoStarsOrWatchers
Suthejsg/HRM,NoStarsOrWatchers
psarumathi16/POM,NoStarsOrWatchers
DongpoAlex/hhvss,NoStarsOrWatchers
Ashish-Goyal1234/Basic-Selenium-Codes,NoStarsOrWatchers
chinaliujialin/Excel2Html,NoStarsOrWatchers
xinyongshu/xdocreport,NoStarsOrWatchers
nengbowan/zuodanclient,NotAccessible
DHIVAKARPRAKASAM/Amazon-Test-with-TestNG,NoStarsOrWatchers
15208297593/jfinal-ext,NoStarsOrWatchers
77sunqi/testGradle,NotAccessible
avaj-java/reportman,NoStarsOrWatchers
Aditya22081994/VolersCars,NotAccessible
gwdgithubnom/pig-chivalrous,NoStarsOrWatchers
vickychauhan8891/Automation1,NoStarsOrWatchers
metridoc/metridoc-job,NoStarsOrWatchers
jmoura1/bpm-infufsm,NoStarsOrWatchers
BrunelCS/SR2Calculator,NoStarsOrWatchers
nongwenze/kmysr-shop,NoStarsOrWatchers
redtroy/module-src,NoStarsOrWatchers
halilaslanx/excelUtility,NoStarsOrWatchers
ywc2016/stock,NoStarsOrWatchers
Jaishankar0707/TestNG_POM,NoStarsOrWatchers
rajajagadeeshwar/NestReady,NoStarsOrWatchers
tsupryk-cdp/module_4_task_1,NoStarsOrWatchers
Shivam099/learn,NoStarsOrWatchers
Ginsengfruit/excel2json,NoStarsOrWatchers
voiddog/spring_boot-vue-training,NoStarsOrWatchers
santoo/ChangeJavaUtil,NoStarsOrWatchers
yjy8749/excel-2-bean,BuildSucceeded
lintg1989/h5huodong,UnknownBuildSystem
doculibre/constellio,BuildFailed
natuty/LuceneSearch,BuildSucceeded
sabosuke/ship-simulation,BuildSucceeded
bbossgroups/bboss-pdp,BuildSucceeded
justayar/AcademicFormatChecker,UnknownBuildSystem
vineelyalamarthy/xdocreport,BuildFailed
HaveANiceTripHH/SimplestJavaDemos,BuildSucceeded
fjj596894378/JCom,BuildSucceeded
concordion/concordion-excel-extension,BuildSucceeded
mattvickery/dsMatch,BuildSucceeded
jonasurbano/POIWrapper,BuildSucceeded
nikitins/univer,NoStarsOrWatchers
himananda2/simple2-framework,NoStarsOrWatchers
AndzejChwalko/smart-transport-schedule,NotAccessible
rawqing/tea,NoStarsOrWatchers
Nandhinivarma/selnov,NoStarsOrWatchers
Shrimp007/xdocreport,NoStarsOrWatchers
OBorlis/RSmethod,NoStarsOrWatchers
gombal88/ORM-Benchmarks,NoStarsOrWatchers
ShuaiShuaiDa8888/practice,NoStarsOrWatchers
parthippkn/spring-examples,NoStarsOrWatchers
saurav1501/ArcDashBord,NoStarsOrWatchers
beipingdengni/share_demo,NotAccessible
arkajnag/OrangeHRM-Assignment-,NoStarsOrWatchers
bittechusa/MON,NoStarsOrWatchers
MaheshKBadiger/Automation,NoStarsOrWatchers
Manik15/OnlineReserve,NoStarsOrWatchers
eddygithub/vaadin-practice,NoStarsOrWatchers
mike-tr-adamson/whitby-teams,NoStarsOrWatchers
mycentury/expert,NoStarsOrWatchers
saikumarballu/SeleniumTestng,NoStarsOrWatchers
balajipeyam/gitRepository,NoStarsOrWatchers
whmion/JavaGrawer,NoStarsOrWatchers
shanprog/VolumesMP2017,NoStarsOrWatchers
TerryMabowen/pyg,NoStarsOrWatchers
choYM/sqlInceptor,NoStarsOrWatchers
hsysh/app,NotAccessible
erimk/elasticsearch,NoStarsOrWatchers
veerajami/ActiTimeRegrssion,NoStarsOrWatchers
ssraothota/code,NotAccessible
selvindhavidhu/selenium-data-driven-framework,NoStarsOrWatchers
nareshTNQ/Framework_for_test,NoStarsOrWatchers
GregRosa85/excelParser,NotAccessible
selvasankari/Practice,NoStarsOrWatchers
Cooolyu/poi,NotAccessible
jiucai/appframework,NotAccessible
liuyanglg/ImportDmpfile,NotAccessible
asciicode/spring-boot,NotAccessible
kowserparvez/PomFreeCRM,NoStarsOrWatchers
Mitsukage/Excel,NotAccessible
PigwidgeonDeluxe/CSCC01TeamProjectRepo9,NoStarsOrWatchers
1608adilraza/Seleniumtest,NotAccessible
ladduladdu/JavaInterviewPrograms,NoStarsOrWatchers
lostsquirrel/poi_examples,NoStarsOrWatchers
Adrodoc/poi-xalan-bug,NoStarsOrWatchers
Freemahn/texcel,NoStarsOrWatchers
Adrodoc55/poi-xalan-bug,NoStarsOrWatchers
FlyArp/JavaProject,NoStarsOrWatchers
lizhihong090/TestProject,NoStarsOrWatchers
skghimt/voy,NoStarsOrWatchers
yitiaoxian/maven-assembly,NoStarsOrWatchers
j7saldivar/apache-poi-readall,NoStarsOrWatchers
Mugi4ok/spring-cloud-unexcel-demo,NoStarsOrWatchers
jessonxiang/cascader,NoStarsOrWatchers
mizantrop2397/water-electricity-data-handler,NoStarsOrWatchers
niteshbisht/alg_dynamix,NoStarsOrWatchers
jlucas5190/ppms,NoStarsOrWatchers
s-aggarwal1995/Employee-Timesheet-System,NoStarsOrWatchers
brumbi/howells-app,NotAccessible
harry12800/harry12800.wordexcel,NoStarsOrWatchers
ronaldo173/My_Lesson_Schedules,NoStarsOrWatchers
newDreamA/springBootEasyUI,NotAccessible
lesan1995/TC_Joomla,NoStarsOrWatchers
belgattitude/jasper-bridge-docker,NoStarsOrWatchers
adeelmahmood/ict,NotAccessible
nils-christian/rapit,NoStarsOrWatchers
zhuquanwen/netty-jprotobuf,NoStarsOrWatchers
miralgandhi5/SpringEvent,NoStarsOrWatchers
alamnyc/My.project,NoStarsOrWatchers
codergithut/springmvc,NoStarsOrWatchers
rpsandip/sphms,NoStarsOrWatchers
terenchukv/Exel_Reader,NotAccessible
rarshion/sts_online,NoStarsOrWatchers
mishin/readXlsxInJava,NoStarsOrWatchers
dharmendrakawasthi/projects,NotAccessible
Ankurtomar/myGitRepo,NoStarsOrWatchers
alamnyc/AdvanchTech,NoStarsOrWatchers
USDA-P/Automation-lib,NoStarsOrWatchers
mandalsujoy/DemoQAProject1,NoStarsOrWatchers
stpyx946/JavaTools,NotAccessible
agmip/translator-excel-template-large,NoStarsOrWatchers
SinnerAiZ/TaxSys,NoStarsOrWatchers
GammaG/BoatConverter,NoStarsOrWatchers
rashmitparida/seleniumModel,NoStarsOrWatchers
nitishkumar81-zz/apicomparator,NoStarsOrWatchers
ramchandgadde/excel,NoStarsOrWatchers
MAILWY/smartmes0927,NoStarsOrWatchers
martinqcz/lunchito-menu-parser-bionea,NoStarsOrWatchers
sujoysett/DocumentInformationHierarchyExtraction,NoStarsOrWatchers
Jaishankar0707/LearnGit,NotAccessible
detinho/DFDSoftCompliance,NotAccessible
RuslanZabrodskyy/api-tests,BuildFailed
ellisonalves/crawlers,BuildFailed
seccoding/Excel,BuildSucceeded
himanshuKhare30071992/FreeCRM_KeywordDrivenFramework,BuildFailed
mylearningwork/KeywordDrivenFramework,BuildFailed
codeborne/xls-test,BuildFailed
hellojamie/ebatis,BuildSucceeded
Junking1992/EasyuiDemo,BuildSucceeded
shaohj/spring-boot-2-common,UnknownBuildSystem
joshareed/conop4j,BuildSucceeded
eighta/spring-web,NoStarsOrWatchers
RGudovanyy/XLSParser,NotAccessible
vsharma2013/javaapps,NoStarsOrWatchers
huanglicong/utility-parent,NoStarsOrWatchers
Shova12/HybridFrameWork,NoStarsOrWatchers
luoliehe/utils-parent,NoStarsOrWatchers
eu2004/docsimporter,NoStarsOrWatchers
narendermyname/createXLS,NoStarsOrWatchers
kutariyar/haaprojects,NoStarsOrWatchers
clear2pay/bnpp,NotAccessible
jcsyscon/uhdb-repos,NoStarsOrWatchers
leehojae/taekbae,NoStarsOrWatchers
WinnieWong689/software-evaluator,NoStarsOrWatchers
royki/qastackoverflow,NoStarsOrWatchers
milukiriu2010/MiluKotlinSample,NoStarsOrWatchers
zrluety/databot,NotAccessible
kavya9990/kavya,NoStarsOrWatchers
masanori840816/SpreadsheetsAccesser,NoStarsOrWatchers
spwing/Blue-Sheet-Finder,NoStarsOrWatchers
yazabara/document-parser,NoStarsOrWatchers
njucy/cloud,NotAccessible
Tiny-Country-Games/Github-Issue-Report-Generator,NoStarsOrWatchers
SSSoo/poiTest,NotAccessible
srikarthikeya/SeleniumMaven,NoStarsOrWatchers
taylor-kroll/AutoTest,NoStarsOrWatchers
ARAJamesCHEN/balabalahong-javacode,NoStarsOrWatchers
daton/geradmin,NotAccessible
hardeepkaurkalra/ETLHive-Project,NoStarsOrWatchers
chrxbd/HelloLsGradle,NoStarsOrWatchers
Greenster/bare-escentuals-project,NoStarsOrWatchers
shady333/CalculationApp,NoStarsOrWatchers
paynemiller92/gitlab-sprint-metrics,NoStarsOrWatchers
274860460/excel-convert,NoStarsOrWatchers
samarthhandur/simplesuranceTestAssignment,NoStarsOrWatchers
BrijendraSingh/BPS-Hybrid-Framework,NoStarsOrWatchers
softdrop/spring,NoStarsOrWatchers
Akshay0294/CustomerOnboard_App,NotAccessible
subugoe/fwb-importer,NoStarsOrWatchers
ts-s/timespacexstar,NotAccessible
bupt-yjw/common-privilege,NotAccessible
mhurne/griddle,NoStarsOrWatchers
CrazyRacer/mywork,NotAccessible
featherfly/web,NoStarsOrWatchers
Sitaram-Rajpoot/Hello-world,NoStarsOrWatchers
TomWangKniht/PoiCreateExcel,NoStarsOrWatchers
Inonut/Faculty,NoStarsOrWatchers
huanlekkx/officeDemo,NotAccessible
prakashnrng/ishauserinfo,NoStarsOrWatchers
RaveRavz/FreeCRMSeleniumPOM,NoStarsOrWatchers
santileira/GenerateExcel,NotAccessible
timtimdotqz/GParser,NotAccessible
ptirador/concessionaire,NoStarsOrWatchers
nikolajbrinch/diy-layout-creator,NoStarsOrWatchers
kamlesh-p/TestAutomatorV3,NoStarsOrWatchers
tuyendev/mm-excel-object,NoStarsOrWatchers
vndung/excel-report,NoStarsOrWatchers
gestaozap/backend-java,NoStarsOrWatchers
edwin-chu/craiglist-project,NoStarsOrWatchers
Nitin-Choudhary/KeywordDrivenFramework,NoStarsOrWatchers
jxq0816/ExcelHandle,NoStarsOrWatchers
ganeshkumar2260/ebayproject,NoStarsOrWatchers
ginkov/excelParser,NoStarsOrWatchers
sonuch002/demorepo,NoStarsOrWatchers
siyavash/Quiz-of-Rahnema,NoStarsOrWatchers
cjqCN/Apriori,NotAccessible
Cuixe/formater,NoStarsOrWatchers
HindujaQA/Ideal-Automation,NoStarsOrWatchers
JanStoltman/WroclawTouristHelper,NoStarsOrWatchers
amangaqa/maven-example1,NoStarsOrWatchers
grpandurangi/file-demo,NoStarsOrWatchers
nityasheth15/ContentBasedRecommender,NoStarsOrWatchers
projects-home/billing,NoStarsOrWatchers
ecchedana/my-paractice,NoStarsOrWatchers
SandeepSahu20/FreeCrmUpdatedProject,NoStarsOrWatchers
wang0007/question-system,NoStarsOrWatchers
wenshan1/poidemo,NoStarsOrWatchers
avirocks701/Guru99Bank,NoStarsOrWatchers
HugoQB/CRM,NoStarsOrWatchers
zhaoguolee/fundmanager,NoStarsOrWatchers
testUserAccount999/hello-world,NotAccessible
NUSComputingDev/scanner,NoStarsOrWatchers
luopc/poi-tool,NoStarsOrWatchers
bing-xin/poi-excel,NoStarsOrWatchers
YuriyLei/demo,NoStarsOrWatchers
Johnny0930/Jhub,NotAccessible
dikshitluthra/enablix,NotAccessible
milind119/DemoFramework30July,NoStarsOrWatchers
praveenallamz/FreeCRMTest,NoStarsOrWatchers
fangzongzhou/grr,NoStarsOrWatchers
daizhongde/virtue,NoStarsOrWatchers
RobinSchuerer/projekt-portfolio-commandline,NoStarsOrWatchers
ucsd-dvs/DVS,BuildFailed
simonbahuchet/excel-poi-xssf-reader,BuildSucceeded
xuegongzi/rabbitframework,BuildSucceeded
PinPinErKeJi/panyuprojectims,BuildFailed
zilicheOwns/amhttp-server,BuildSucceeded
aaric/gradle-achieve,BuildSucceeded
Integrative-Transcriptomics/MitoBench,BuildSucceeded
linpeng109/j2ee_full,BuildFailed
frozenfire699/NBA-League-Predictor,BuildSucceeded
LiliiaKlymenko/bdd_test,NoStarsOrWatchers
ivanxue/Selenium_Java_Cucumber,NoStarsOrWatchers
owisho/excelutil,NoStarsOrWatchers
CatXer/Rvuz,NoStarsOrWatchers
NaphadeN/TestProject1,NotAccessible
wubins/SCF,NoStarsOrWatchers
nhancv/nc-util-java-excel,NoStarsOrWatchers
sachitaprusty11/PageObjectModel,NoStarsOrWatchers
madman1851/KH-Profky,NoStarsOrWatchers
dechanghuang2018/common-tools,NoStarsOrWatchers
life2015/SeleniumWebTest,NoStarsOrWatchers
Kritika16/ETLProject,NoStarsOrWatchers
palatano/LetterMaker,NotAccessible
Thish25/TestForm,NoStarsOrWatchers
NandaShrikant/visa-framworkAssignment,NoStarsOrWatchers
GenmLv/springMVC,NoStarsOrWatchers
hfq-changmingwei/full-search-index,NotAccessible
cameronDz/rally_format,NotAccessible
realsnake1975/SpringBootSampleServer,NotAccessible
bharathmit/IntegrationDevCaseStudyWS,NotAccessible
aadupirn/D-Railed,NoStarsOrWatchers
kasunsk/mayuri,NoStarsOrWatchers
PYeonHee/HRSurveyFinal,NoStarsOrWatchers
blanker/netty.starter,NoStarsOrWatchers
tianlongyuan/rhhz,NotAccessible
elmarhepp/test05_maven_poi,NoStarsOrWatchers
sanjivsanz/phr-Home,NoStarsOrWatchers
shashank007garg/MyFramework,NoStarsOrWatchers
shareMP/aspose,NoStarsOrWatchers
alvarorgt/Pruebas,NoStarsOrWatchers
cow-ups/jodd-test,NoStarsOrWatchers
kavita-tanwar/Myntra,NoStarsOrWatchers
RobinSGVWR/javaCatalogGen,NoStarsOrWatchers
prasad-gowda/XMLConverter,NotAccessible
dsyou/FoodOrderSystem,NoStarsOrWatchers
tofertek/spreadsheetUtil,NoStarsOrWatchers
Rekhal/PageObjectModelfor-FreeCRM,NoStarsOrWatchers
raveenamanwani/TestProjectWithSeleniumAndTestNG,NoStarsOrWatchers
shsudhakar/DuplicateRepo,NotAccessible
shmishra101/DM_Validation,NotAccessible
msmith2199/Excel,NotAccessible
do-mas/spring-batch-apps,NoStarsOrWatchers
kencyShaka1/VIMS,NoStarsOrWatchers
jobythecoder/SeleniumPageObjectModel,NoStarsOrWatchers
18227586871/poi_2,NotAccessible
simbataisa/cci,NotAccessible
davidrichardson/rulebook,NoStarsOrWatchers
zhaosc101/csg,NoStarsOrWatchers
sabanaRahman/DemoAAAAA,NotAccessible
ravikirankandula/Maven_GitHub_Jenkins,NoStarsOrWatchers
ankur17111/GoogleAutoSuggestDemo,NoStarsOrWatchers
jinxinoppa/firephoenix,NoStarsOrWatchers
congcongye/TeaSale_Backend,NoStarsOrWatchers
Junshaikh/OtlobCMS,NotAccessible
xiedong1123/springboot-shiro,NotAccessible
freeautomation/PhaseTwoAutomation,NoStarsOrWatchers
leifchen/practice,NotAccessible
DarrickAZ/EBusiness,NoStarsOrWatchers
camiloducon/pruebaCI,NoStarsOrWatchers
SpanKunc/RSComponents,NoStarsOrWatchers
maryamgithub/DemoRepo,NoStarsOrWatchers
MilHalo/rd-Report,NoStarsOrWatchers
chuckemmons/java-examples,NoStarsOrWatchers
kangljchn/develop-collections,NotAccessible
liuzzzz/secrething,NoStarsOrWatchers
Trupti08/Redstage,NoStarsOrWatchers
sarangjaiswal/JAVA,NoStarsOrWatchers
Faelivrinx/ConverterPDF,NoStarsOrWatchers
supermy/spring_web_template,NoStarsOrWatchers
bokaner/SCRM,NoStarsOrWatchers
Sathya4488/Project,NoStarsOrWatchers
surendragupta/buildNumber,NoStarsOrWatchers
hfq-changmingwei/hzf-full-search,NotAccessible
larrychen1990/jexcel,NoStarsOrWatchers
ukkrish/TestCRMproj,NoStarsOrWatchers
hanqunfeng/cpframework,NotAccessible
brianssheldon/OkcJugPoi,NoStarsOrWatchers
tunye/infer_error,NotAccessible
saifi522/SelPOMFramework,NoStarsOrWatchers
kserio/smartSimulation,NoStarsOrWatchers
singhasit1/AutomateOrangeHRM,NotAccessible
ruslan-sverchkov/examples,NoStarsOrWatchers
zhou-j/Orion,NotAccessible
289043018/ssh_big_training_finish,NoStarsOrWatchers
sungjun0203/junTest,NotAccessible
sauravslk/SastasundarAutomation,NoStarsOrWatchers
hadimsaad/spring-batch-examples-master,NotAccessible
PharmGKB/cpic-data,NotAccessible
chizhdiana/test_task,NoStarsOrWatchers
vijaykumar-sde/SeleniumFramework,NoStarsOrWatchers
shalini2k4/PageObjectModelLearning,NoStarsOrWatchers
tell1014/UESC,NotAccessible
IcaroKume/iexls,NoStarsOrWatchers
alacambra/experiments,NoStarsOrWatchers
MetadataConsulting/model-catalogue-toolkit,NotAccessible
nagesh-Hub/CucumberPageObjectModel,NoStarsOrWatchers
jramb/spreadsheet2ws,BuildSucceeded
sergueik/selenium_java,UnknownBuildSystem
wuh/lucene-study,BuildSucceeded
YuJhon/JYLFrame,UnknownBuildSystem
isun/xls-json,NoStarsOrWatchers
FrancinaldoCabral/projetocientifico,NoStarsOrWatchers
zhangxu261/xiaqiong,NotAccessible
spring-open-source/projects,NoStarsOrWatchers
kingsleydavid2/Selmay2016,NoStarsOrWatchers
juli2549/Linio_Auto_Test,NoStarsOrWatchers
AndyCZY/czy-java-technology-commons,NotAccessible
cxpqwvtj/groovy-code-garage,NoStarsOrWatchers
kohei-okazaki/work-3g,NoStarsOrWatchers
jiazefeng/AgriculturalProject,NoStarsOrWatchers
silentmoooon/silentmoon-parent,NotAccessible
singh-abhishek/COS,NoStarsOrWatchers
muuhaha/kaidigao,NoStarsOrWatchers
DevinPenny/SeleniumFramework,NoStarsOrWatchers
xhujinjun/driver-school,NotAccessible
Rishek91/BE_AUTOMATION2,NoStarsOrWatchers
dipakkumardas/udummy,NoStarsOrWatchers
ndkhoiits/qa_util,NoStarsOrWatchers
jiwoonglee89/Final,NoStarsOrWatchers
CLGCLG/P2P,NoStarsOrWatchers
YuriyKharchenko/excelParsing,NotAccessible
kaiwang99/monthly-profit-parser,NoStarsOrWatchers
mani0608/spring-script-generator,NoStarsOrWatchers
Zsolt0073/citest,NoStarsOrWatchers
Manjunathkumbar/APIAutomation,NotAccessible
chenshun00/execl-util,NotAccessible
yluo2017/FreeCRMTest_Original,NoStarsOrWatchers
prs1022/cici,NoStarsOrWatchers
VladMudura/crispy-adventure,NoStarsOrWatchers
bernardofilardi/infomoneyStockParser,NotAccessible
verhas/flupoi,NoStarsOrWatchers
Arcturus5404/dotWebly,NoStarsOrWatchers
lilingling3/porshe-shop,NoStarsOrWatchers
mujeeb1238/myfos,NoStarsOrWatchers
Manson3m3/upa-financialReport,NoStarsOrWatchers
ss-zz/boms-manager,NoStarsOrWatchers
iundarigun/s2it_ponto,NoStarsOrWatchers
wuriyanto48/reading_excel_file,NoStarsOrWatchers
nagarciah/pocs,NoStarsOrWatchers
Pyreho/MutantCityBlues,NoStarsOrWatchers
ananya2405/GitRepo,NoStarsOrWatchers
Karunakar438/test_job2,NoStarsOrWatchers
ek13saath/DataDrivenTest3,NotAccessible
lifeilu/TeaTradePlatform,NoStarsOrWatchers
amalanj/PivotTable,NoStarsOrWatchers
lowen2010/image-import-test,NoStarsOrWatchers
Jinjavamojo/linkmaker,NoStarsOrWatchers
moyuqi/myJavaCodes,NoStarsOrWatchers
mdevendra8080/jreportDemo,NoStarsOrWatchers
harshala13/googletest,NoStarsOrWatchers
nhancv/nc-util-restful-javaee,NoStarsOrWatchers
kaitouzhao/kaitou-ppp,NoStarsOrWatchers
mcg11/McgProject,NoStarsOrWatchers
PradyumnnaS/FreeCRM,NoStarsOrWatchers
sathya147/DDTest,NoStarsOrWatchers
techaviator/Today2017,NoStarsOrWatchers
Nkperiwal/HybridDrivenFramework,NoStarsOrWatchers
hp-tech101/xlcompare,NoStarsOrWatchers
visitshraddha/UIAuto,NoStarsOrWatchers
ebenezer29/projects2,NoStarsOrWatchers
thenextsky/mysearch,NoStarsOrWatchers
IrvingZhao/Platform-util,NoStarsOrWatchers
AuJ-King/GradleWebDemo,NotAccessible
knighthunter09/SpringProjects,NoStarsOrWatchers
devbhuwan/frameworks-nutshell,NoStarsOrWatchers
wangdonghseng/scitd,NotAccessible
otizis/docpoi,NoStarsOrWatchers
SmallWhirlwind/open-lmis,NoStarsOrWatchers
Mhretaab/glc-management,NoStarsOrWatchers
onepeoplerainyday/BASE4J,NoStarsOrWatchers
Ca11MeE/DebugNote,NoStarsOrWatchers
sulthana01/samaya_automation,NoStarsOrWatchers
subugoe/adwquellen-importer,NoStarsOrWatchers
fhtuandui/ToSky,NoStarsOrWatchers
ujk2410/basic-project,NoStarsOrWatchers
sanjayjagadi/FREE-CRM-PROJECT,NoStarsOrWatchers
reshmirnambiar/DataDrivenFrameWork,NoStarsOrWatchers
jeffenc/automation-one,NoStarsOrWatchers
onefly/excel,NotAccessible
mangaipriya1/Current,NoStarsOrWatchers
GrzegorzOkon/TAR1,NoStarsOrWatchers
chrisdimaio/DataNormalizationTool,NoStarsOrWatchers
xuhongda/load-service,NoStarsOrWatchers
yongbiaoshi/commons-utils,NoStarsOrWatchers
kartheekdonekal/TestNGPOM,NoStarsOrWatchers
immmjimmy/Excel-Finance-Parser,NoStarsOrWatchers
naveenanimation20/Selenium_EbaySearchTest,BuildFailed
qinyou/my_curd,BuildSucceeded
le3t/ko-cloud,BuildFailed
noahzark/Xlsx2Json,BuildSucceeded
liuhouer/mai,BuildFailed
sidmishraw/projectproposal-template-gen,BuildSucceeded
songjz2011/water,UnknownBuildSystem
wjp236/base-framework,BuildSucceeded
TheDonDope/kindergarten,BuildFailed
duarterafael/merger-worksheet,UnknownBuildSystem
myking520/gamefm,BuildFailed
masterlittle/ResumeRanker,BuildFailed
alanhay/excel-to-pdf,BuildSucceeded
DavidFranck/easypoi,BuildSucceeded
